Festival Name,State,Latitude,Longitude,Genre
A Day On The Green,VIC,-37.8136,144.9631,Rock
A Festival Called PANAMA,TAS,-41.4545,145.9707,Rock
Ability Fest,VIC,-37.8136,144.9631,Multiple Genres
Adelaide Jazz Festival,SA,-34.9285,138.6007,Jazz
Adelaide Wind Band Festival,SA,-34.9285,138.6007,Other
Adl 500 - Bands on Track,SA,-34.9285,138.6007,Multiple Genres
Age of Love Winterdaze,VIC,-37.8136,144.9631,Electronic
Agnes Folk,QLD,-24.1975,151.9055,Folk
Aireys Inlet Open Mic Music Festival,VIC,-38.4614,144.1065,Multiple Genres
Airlie Beach Festival Of Music,QLD,-20.2675,148.7169,Rock
All Waves Festival,QLD,-27.4698,153.0251,Multiple Genres
Alpine Valley Vibes,NSW,-36.2167,148.3333,Multiple Genres
Ardlethan Country Music Festival,NSW,-34.35,146.9,Country
Arockalypse Now,VIC,-37.8136,144.9631,Rock
Australasian World Turbojugend Days (AAWTJD),QLD,-27.4698,153.0251,Rock
Australian Folk Music Festival,NSW,-35.3546,149.232,Folk
Australian Festival of Chamber Music,QLD,-19.2589,146.8169,Other
Backyard Fest,VIC,-37.8136,144.9631,Multiple Genres
Bad Friday,NSW,-33.8688,151.2093,Rock
Balit Narrun Festival,VIC,-37.8136,144.9631,Multiple Genres
Bamfest,NSW,-33.8688,151.2093,Multiple Genres
Bangalow Country Music Festival,NSW,-28.6833,153.5333,Country
Barunga Festival,NT,-14.5167,132.55,Other
Bass in the Grass,NT,-12.4634,130.8456,Multiple Genres
Be Social Fest,QLD,-27.4698,153.0251,Multiple Genres
Beechworth Music Festival,VIC,-36.3583,146.6872,Multiple Genres
Bellingen Muse,NSW,-30.45,152.9,Multiple Genres
Bendigo Folk and Roots Festival,VIC,-36.757,144.2794,Folk
Bendigo Chamber Music Festival,VIC,-36.757,144.2794,Other
Beyond the Valley,VIC,-38.15,145.1333,Electronic
Big Country Festival,NSW,-33.8688,151.2093,Country
BIGSOUND,QLD,-27.4698,153.0251,Multiple Genres
Birdsville Big Red Bash,QLD,-25.8975,139.3511,Rock
Black Mountain Unplugged,QLD,-27.4698,153.0251,Multiple Genres
Blacken Open Air Festival,NT,-23.698,133.8807,Rock
Blackheath Chamber Music Festival,NSW,-33.635,150.284,Other
Blackheath Choir Festival,NSW,-33.635,150.284,Other
Blue Mountains Music Festival,NSW,-33.71,150.311,Folk
Folk at Bridgetown Festival,WA,-33.962,116.138,Folk
Folk on Broadbeach,QLD,-28.0283,153.431,Folk
Folkfest,VIC,-37.8136,144.9631,Folk
Folkfest,NSW,-28.6434,153.612,Folk
Folkfest,WA,-31.9505,115.8605,Folk
Folktone Folk Festival,VIC,-37.8136,144.9631,Folk
Bohemian Beatfreaks,NSW,-28.6833,153.5333,Electronic
Bony Mountain Folk Festival,QLD,-28.2167,152.0333,Folk
Boogie,VIC,-37.8136,144.9631,Multiple Genres
Boolarra Folk Festival,VIC,-38.3833,146.2667,Folk
Boots & Beach Country Music Festival,NSW,-33.8688,151.2093,Country
Borderline Destruction Festival,NSW,-33.8688,151.2093,Multiple Genres
Borderline Destruction Festival,QLD,-27.4698,153.0251,Multiple Genres
Borderline Destruction Festival,VIC,-37.8136,144.9631,Multiple Genres
Bouldy Bush Ballad Bash,QLD,-23.85,151.25,Country
Bowral Autumn Music Festival,NSW,-34.481,150.42,Other
Boyne Valley Country Music Campout,QLD,-24.1975,151.9055,Country
Boyup Brook Country Music Festival,WA,-33.8333,116.3833,Country
Breakfest,WA,-31.9505,115.8605,Electronic
Bright Jazz Festival,VIC,-36.729,146.961,Jazz
Brighter Days Festival,VIC,-36.729,146.961,Multiple Genres
Brunswick Music Festival,VIC,-37.7667,144.9667,Multiple Genres
BruteFest,NSW,-33.8688,151.2093,Multiple Genres
Burleigh Ball Festival,QLD,-28.101,153.438,Multiple Genres
Burning Seed,NSW,-33.8688,151.2093,Multiple Genres
Butter Factory Folk & Roots,NSW,-33.8688,151.2093,Folk
By The C,NSW,-33.8688,151.2093,Multiple Genres
By The C,WA,-31.9505,115.8605,Multiple Genres
Caloundra Music Festival,QLD,-26.803,153.121,Multiple Genres
Caltowie Chilled Out & Fired Up Music Festival,SA,-33.2167,138.3333,Multiple Genres
Cambridge Farewell Festival,NSW,-33.8688,151.2093,Multiple Genres
Canberra International Music Festival,ACT,-35.2809,149.13,Other
Canberra Rock Fest,ACT,-35.2809,149.13,Rock
Capella Country Music Festival,QLD,-23.0833,148.0167,Country
Casino Cow Country Music Muster,NSW,-28.8667,153.05,Country
Castaway,WA,-31.9505,115.8605,Multiple Genres
Castlemaine Jazz Festival,VIC,-37.0667,144.2167,Jazz
Charters Towers Country Music Festival,QLD,-20.1,146.2667,Country
Cigar Box Guitar Music Festival,VIC,-37.8136,144.9631,Folk
Clarence Jazz Festival (CJF),TAS,-42.8821,147.3272,Jazz
Clarence Valley Camp Oven Festival,NSW,-29.6833,152.9333,Multiple Genres
Clarence Valley Country Muster,NSW,-29.6833,152.9333,Country
Cleve Harvest Music Fest,SA,-33.7,136.5,Multiple Genres
CMC Rocks QLD,QLD,-27.4698,153.0251,Country
Coastal Jam Series,VIC,-37.8136,144.9631,Multiple Genres
Cobargo Folk Festival,NSW,-36.388,149.905,Folk
Cobby Riverland Music Festival,SA,-34.25,140.75,Multiple Genres
Cooly Rocks On,QLD,-28.1667,153.5333,Rock
Cotton Capital Country Music Muster,NSW,-30.3,149.7833,Country
Country by the Bay,VIC,-37.8136,144.9631,Country
Country by the River,SA,-34.9167,139.3167,Country
Country Fest,QLD,-27.4698,153.0251,Country
Country Sounds Music and Art Festival,WA,-31.9505,115.8605,Multiple Genres
Cradle Country Music Festival,TAS,-41.4545,145.9707,Country
Creekfest,QLD,-27.4698,153.0251,Multiple Genres
CresFest,VIC,-37.4167,144.2167,Multiple Genres
Cronulla Jazz & Folk Festival,NSW,-34.058,151.152,Jazz
Crows Nest Country Music Festival,QLD,-27.276,152.051,Country
Cullulleraine Music Festival,VIC,-34.2333,141.6167,Multiple Genres
Cvltfest,VIC,-37.8136,144.9631,Multiple Genres
Cygnet Folk Festival,TAS,-43.1575,147.0722,Folk
Dalrymple Country Music Festival,QLD,-20.1,146.2667,Country
Darwin Pride Music Festival,NT,-12.4634,130.8456,Multiple Genres
Dashville Skyline Cosmic Country weekend,NSW,-32.7333,151.55,Country
De Ja Vu Music Festival,QLD,-27.4698,153.0251,Multiple Genres
Deni Ute Muster,NSW,-35.53,145.05,Country
Desert Festival,NT,-23.698,133.8807,Multiple Genres
Desert Harmony Festival,NT,-19.6489,134.1917,Multiple Genres
Devil Country Muster,TAS,-41.4545,145.9707,Country
Devouring the Flesh Fest,NSW,-33.8688,151.2093,Rock
Digi Culture and Music Festival,ACT,-35.2809,149.13,Multiple Genres
Dorrigo Folk & Bluegrass Festival,NSW,-30.3333,152.7167,Folk
Downunder Country Music Weekend,WA,-31.9505,115.8605,Country
Dream State,VIC,-37.8136,144.9631,Multiple Genres
Dream State,NSW,-33.8688,151.2093,Multiple Genres
Dreamland,NSW,-33.8688,151.2093,Multiple Genres
Drover’s Run Country Music Weekend,NSW,-33.8688,151.2093,Country
Earth Frequency Festival,QLD,-27.4698,153.0251,Electronic
East Arnhem Live,NT,-12.37,136.77,Multiple Genres
EchoFest,NSW,-33.8688,151.2093,Multiple Genres
El Palmo Pacificano,NSW,-33.8688,151.2093,Multiple Genres
Electric Gardens Festival,WA,-31.9505,115.8605,Electronic
Elements Festival,QLD,-27.4698,153.0251,Electronic
Elevate,NSW,-33.8688,151.2093,Multiple Genres
EMC FESTIVAL,NSW,-33.8688,151.2093,Multiple Genres
Esoteric,VIC,-37.8136,144.9631,Multiple Genres
Euroa Music Festival,VIC,-36.75,145.5667,Multiple Genres
Falls Festival,NSW,-28.6434,153.612,Multiple Genres
Falls Festival,VIC,-38.15,145.1333,Multiple Genres
Falls Festival,WA,-31.9505,115.8605,Multiple Genres
Family and Friends Festival,NSW,-33.8688,151.2093,Multiple Genres
Festival of Jewish Arts and Music,VIC,-37.8136,144.9631,Multiple Genres
Festival of King Island,TAS,-39.93,143.85,Multiple Genres
Festival of Small Halls,NSW,-33.8688,151.2093,Multiple Genres
Festival Of Voices,TAS,-42.8821,147.3272,Multiple Genres
Festival X,NSW,-33.8688,151.2093,Electronic
Festival X,SA,-34.9285,138.6007,Electronic
Festival X,WA,-31.9505,115.8605,Electronic
Festival X,QLD,-27.4698,153.0251,Electronic
Festival X,VIC,-37.8136,144.9631,Electronic
Festivale,WA,-31.9505,115.8605,Multiple Genres
Field Day,NSW,-33.8688,151.2093,Multiple Genres
First & Forever,VIC,-37.8136,144.9631,Multiple Genres
Fleurieu Folk Festival,SA,-35.35,138.5167,Folk
Flinders Ranges Country Music Muster,SA,-31.5,138.5,Country
Floriade Night Fest,ACT,-35.2809,149.13,Multiple Genres
Flow Festival,NSW,-33.8688,151.2093,Multiple Genres
Folk by the Sea,NSW,-34.665,150.855,Folk
Folk Rhythm and Life Festival (Bilyana),VIC,-37.8136,144.9631,Folk
For The Love,QLD,-27.4698,153.0251,Multiple Genres
For The Love,NSW,-33.8688,151.2093,Multiple Genres
For The Love,VIC,-37.8136,144.9631,Multiple Genres
For The Love,WA,-31.9505,115.8605,Multiple Genres
Forth Valley Folk Festival,TAS,-41.4545,145.9707,Folk
Four Winds Festival,NSW,-36.4,150.0667,Multiple Genres
Free the Noise Festival,NSW,-33.8688,151.2093,Multiple Genres
Free the Noise Festival,QLD,-27.4698,153.0251,Multiple Genres
Free the Noise Festival,VIC,-37.8136,144.9631,Multiple Genres
Garma Festival,NT,-12.37,136.77,Other
Garrmalang Festival,NT,-12.4634,130.8456,Other
Gaytimes,VIC,-37.8136,144.9631,Multiple Genres
Gidgestock Music Festival,WA,-31.9505,115.8605,Multiple Genres
Gin & Jazz Festival,NSW,-33.8688,151.2093,Jazz
Gippsland Country Music Festival,VIC,-37.8136,144.9631,Country
Girgarre Moosic Muster,VIC,-36.3833,145,Multiple Genres
Girrakool Folk Festival,NSW,-33.45,151.35,Folk
Glam Fest,NSW,-33.8688,151.2093,Multiple Genres
Glam Fest,QLD,-27.4698,153.0251,Multiple Genres
Glam Fest,SA,-34.9285,138.6007,Multiple Genres
Glam Fest,VIC,-37.8136,144.9631,Multiple Genres
Golden Plains Festival,VIC,-37.8136,144.9631,Multiple Genres
Good Day Sunshine- Music Festival,WA,-31.9505,115.8605,Multiple Genres
Good Gumnuts Festival,TAS,-41.4545,145.9707,Multiple Genres
Good Things,NSW,-33.8688,151.2093,Multiple Genres
Good Things,VIC,-37.8136,144.9631,Multiple Genres
Goulburn Valley Country Music Festival,VIC,-36.75,145.5667,Country
Grampians Grape Escape,VIC,-37.15,142.5167,Multiple Genres
Grapevine Gathering,SA,-34.9285,138.6007,Multiple Genres
Grapevine Gathering,QLD,-27.4698,153.0251,Multiple Genres
Grapevine Gathering,NSW,-33.8688,151.2093,Multiple Genres
Grapevine Gathering,WA,-31.9505,115.8605,Multiple Genres
Great Escape Music Festival,TAS,-41.4545,145.9707,Multiple Genres
Groovin the Moo,WA,-31.9505,115.8605,Multiple Genres
Groovin the Moo,ACT,-35.2809,149.13,Multiple Genres
Groovin the Moo,VIC,-37.8136,144.9631,Multiple Genres
Groovin the Moo,NSW,-33.8688,151.2093,Multiple Genres
Groovin the Moo,QLD,-27.4698,153.0251,Multiple Genres
Groovin the Moo,SA,-34.9285,138.6007,Multiple Genres
Groundwater Country Music Festival,QLD,-28.0167,153.4,Country
Group Therapy Weekender,NSW,-33.8688,151.2093,Multiple Genres
Group Therapy Weekender,VIC,-37.8136,144.9631,Multiple Genres
Guildford Banjo Jamboree,VIC,-37.0667,144.2167,Multiple Genres
Gulgong Folk Festival,NSW,-32.3667,149.5333,Folk
Gum Ball,NSW,-32.7333,151.55,Multiple Genres
Gympie Music Muster,QLD,-26.19,152.665,Country
Habitat Garden Party,WA,-31.9505,115.8605,Multiple Genres
HallyuPopFest Sydney,NSW,-33.8688,151.2093,Other
Harbourlife,NSW,-33.8688,151.2093,Multiple Genres
Hartwood Campfires & Country Music,NSW,-31.9505,115.8605,Country
Harvest Rock,SA,-34.9285,138.6007,Multiple Genres
Hats Off (To Country),NSW,-31.0833,150.917,Country
Healesville Music Festival,VIC,-37.6533,145.517,Multiple Genres
Heaps Good Festival,SA,-34.9285,138.6007,Multiple Genres
Here Comes The Sun Festival,WA,-31.9505,115.8605,Multiple Genres
High Voltage Festival,WA,-31.9505,115.8605,Multiple Genres
Hinterland Music Festival,VIC,-37.8136,144.9631,Multiple Genres
Home Grown Music Festival,WA,-31.9505,115.8605,Multiple Genres
Hyper Festival,WA,-31.9505,115.8605,Multiple Genres
Ice Cream Factory Summer Festival,WA,-31.9505,115.8605,Multiple Genres
Illawarra Folk Festival,NSW,-34.425,150.893,Folk
Illuminate The River,VIC,-37.8136,144.9631,Multiple Genres
In Clouds,VIC,-37.8136,144.9631,Multiple Genres
In the Pines,WA,-31.9505,115.8605,Multiple Genres
Infinity Worm,ACT,-35.2809,149.13,Multiple Genres
Inland Sea of Sound,NSW,-33.4167,149.58,Multiple Genres
Inner Varnika,VIC,-37.8136,144.9631,Multiple Genres
International Women’s Day Festival,QLD,-27.4698,153.0251,Multiple Genres
Inverloch Jazz Festival,VIC,-38.6333,145.7167,Jazz
Inward Goods,VIC,-37.8136,144.9631,Multiple Genres
Island Vibe Festival,QLD,-27.5,153.4,Multiple Genres
Jamaican Music and Food Festival,VIC,-37.8136,144.9631,Multiple Genres
Jammin Festival,NSW,-33.8688,151.2093,Multiple Genres
Jammin Festival,WA,-31.9505,115.8605,Multiple Genres
Jazz Folk and Koalas,QLD,-27.4698,153.0251,Jazz
Jazz by the Beach,WA,-31.9505,115.8605,Jazz
Jazz In The Square,VIC,-37.8136,144.9631,Jazz
Juicy Fest,NSW,-33.8688,151.2093,Multiple Genres
Juicy Fest,WA,-31.9505,115.8605,Multiple Genres
Kalgoorlie Country Music Festival,WA,-30.7489,121.465,Country
Kangaroo Valley Folk Festival,NSW,-34.737,150.536,Folk
Karnival Outdoor Festival,VIC,-37.8136,144.9631,Multiple Genres
Kickass Music and Camping Festival,QLD,-27.4698,153.0251,Multiple Genres
Knockout Outdoor Music Festival,NSW,-33.8688,151.2093,Electronic
Knotfest,NSW,-33.8688,151.2093,Rock
Knotfest,VIC,-37.8136,144.9631,Multiple Genres
Knotfest,QLD,-27.4698,153.0251,Multiple Genres
Kyabram RV Country Music Festival,VIC,-36.3167,145.05,Country
Lake Charlegrark Country Music Marathon,VIC,-36.6167,141.6167,Country
Lameroo Country Music Festival,SA,-35.3333,140.5167,Country
Laneway Festival,QLD,-27.4698,153.0251,Rock
Laneway Festival,NSW,-33.8688,151.2093,Multiple Genres
Laneway Festival,VIC,-37.8136,144.9631,Multiple Genres
Laneway Festival,WA,-31.9505,115.8605,Multiple Genres
Laneway Festival,SA,-34.9285,138.6007,Multiple Genres
Last Light: Wollongong Small Bar & Arts Festival,NSW,-34.425,150.893,Multiple Genres
Lazy Mountain Music Festival,NSW,-33.8688,151.2093,Multiple Genres
Leaps and Bounds,VIC,-37.8136,144.9631,Multiple Genres
Let Them Eat Cake,VIC,-37.8136,144.9631,Electronic
Lighthouse Country Music Festival,QLD,-27.4698,153.0251,Country
Lighthouse Rock Festival,QLD,-27.4698,153.0251,Rock
Liquid Kandy Electronic Music Festival,WA,-31.9505,115.8605,Electronic
Listen In,SA,-34.9285,138.6007,Multiple Genres
Listen Out,VIC,-37.8136,144.9631,Multiple Genres
Listen Out,NSW,-33.8688,151.2093,Multiple Genres
Listen Out,QLD,-27.4698,153.0251,Multiple Genres
Listen Out,WA,-31.9505,115.8605,Multiple Genres
Live at the Park,VIC,-37.8136,144.9631,Multiple Genres
Live at Warrawee,VIC,-37.8136,144.9631,Multiple Genres
Live for Tomorrow Festival,SA,-34.9285,138.6007,Multiple Genres
Long Way To The Top Music Festival,QLD,-27.4698,153.0251,Multiple Genres
Lords of the Flies,WA,-31.9505,115.8605,Multiple Genres
Love Lorn Music Festival,QLD,-27.4698,153.0251,Multiple Genres
Lover’s Rock,NSW,-33.8688,151.2093,Multiple Genres
Lover’s Rock,WA,-31.9505,115.8605,Multiple Genres
MACKAY FOLK FESTIVAL,QLD,-21.1411,149.186,Folk
Manly Jazz Festival,NSW,-33.798,151.282,Jazz
Marble Bar Music Festival,WA,-21.1717,119.7467,Multiple Genres
Marcoola Surf Fest,QLD,-26.5833,153.1,Multiple Genres
Melbourne International Jazz Festival,VIC,-37.8136,144.9631,Jazz
Melbourne International Music Festival,VIC,-37.8136,144.9631,Multiple Genres
Melbourne International Flower and Garden Show,VIC,-37.8136,144.9631,Multiple Genres
Melbourne Jazz Festival,VIC,-37.8136,144.9631,Jazz
Melbourne Music Week,VIC,-37.8136,144.9631,Multiple Genres
Melbourne Music Week (MMW),VIC,-37.8136,144.9631,Multiple Genres
Melbourne Open House Music Festival,VIC,-37.8136,144.9631,Folk
Melbourne Rhythm and Folk Festival,VIC,-37.8136,144.9631,Jazz
Melbourne Winter Jazz Festival,VIC,-37.8136,144.9631,Jazz
Melodrama - The Festival of the Folk,WA,-31.9505,115.8605,Folk
Menindee Music Festival,NSW,-32.4,142.4,Multiple Genres
Merry Sound & Music Festival,WA,-31.9505,115.8605,Multiple Genres
Merry Sound & Music Festival,NSW,-33.8688,151.2093,Multiple Genres
Merrymaking Festival,NSW,-33.8688,151.2093,Multiple Genres
MerrySound Music Festival,NSW,-33.8688,151.2093,Multiple Genres
Mildura Country Music Festival,SA,-34.185,142.162,Country
Mildura Country Music Festival,NSW,-34.185,142.162,Jazz
Mildura Jazz,NSW,-34.185,142.162,Multiple Genres
Mildura Melon Festival,NSW,-34.185,142.162,Multiple Genres
Mindil Beach Sunset Markets,NT,-12.4634,130.8456,Multiple Genres
Mofo Festival,TAS,-42.8821,147.3272,Multiple Genres
Moira Shire Country Music Festival,VIC,-36.0833,145.5667,Country
Mollymook Beach Festival,NSW,-35.343,150.474,Multiple Genres
Monaro Country Music Festival,NSW,-36.2167,149.1333,Country
Montague Festival,WA,-31.9505,115.8605,Multiple Genres
Morrison Farm Music Festival,SA,-34.9285,138.6007,Multiple Genres
Mornington Peninsula Festival of Music,VIC,-38.2167,145.0333,Multiple Genres
Morrocan Festival,WA,-31.9505,115.8605,Multiple Genres
Morrison Farm Music Festival,SA,-34.9285,138.6007,Multiple Genres
Mornington Peninsula Festival of Music,VIC,-38.2167,145.0333,Multiple Genres
Morrocan Festival,WA,-31.9505,115.8605,Multiple Genres
Moshtix Music Festival,NSW,-33.8688,151.2093,Multiple Genres
Mumballup Music Festival,WA,-33.5,116,Multiple Genres
Murwillumbah Music Festival,NSW,-28.327,153.394,Multiple Genres
Muscle Car Madness Festival,NSW,-33.8688,151.2093,Multiple Genres
Music By The Bay,WA,-31.9505,115.8605,Multiple Genres
Music in the Mountains,NSW,-33.71,150.311,Multiple Genres
Music of the North Coast,NSW,-28.6833,153.5333,Multiple Genres
Mycity,QLD,-27.4698,153.0251,Multiple Genres
Mystic Mountain Festival,QLD,-27.4698,153.0251,Multiple Genres
Mystic Mountain Festival,VIC,-37.8136,144.9631,Multiple Genres
Naarm Orchestrate,VIC,-37.8136,144.9631,Multiple Genres
Narrabri Music Festival,NSW,-30.331,149.783,Multiple Genres
Narooma Music Festival,NSW,-36.215,150.13,Multiple Genres
Nashville North Country Music Festival,QLD,-27.4698,153.0251,Country
National Other Music Awards,NT,-12.4634,130.8456,Other
National Multicultural Festival,ACT,-35.2809,149.13,Multiple Genres
National Youth Week,NSW,-33.8688,151.2093,Multiple Genres
Nature Festival,SA,-34.9285,138.6007,Multiple Genres
Newcastle Music Festival,NSW,-32.927,151.7765,Multiple Genres
Nimbin MardiGrass,NSW,-28.595,153.223,Multiple Genres
Noosa Food & Wine Festival,QLD,-26.398,153.091,Multiple Genres
Noosa Music Festival,QLD,-26.398,153.091,Multiple Genres
Notfest,WA,-31.9505,115.8605,Multiple Genres
NQ Jazz and Folk Festival,QLD,-19.2589,146.8169,Jazz
Numurkah Music Festival,VIC,-36.09,145.44,Multiple Genres
O’Shea Fest,NSW,-33.8688,151.2093,Multiple Genres
Oblivion Festival,VIC,-37.8136,144.9631,Multiple Genres
Odyssey Festival,NSW,-33.8688,151.2093,Multiple Genres
Old Bar Beach Music Festival,NSW,-31.9667,152.5833,Multiple Genres
Old Skool Fest,VIC,-37.8136,144.9631,Multiple Genres
Open Up,NSW,-33.8688,151.2093,Multiple Genres
Opus Festival,SA,-34.9285,138.6007,Multiple Genres
Orange Festival of Arts,NSW,-33.283,149.1,Multiple Genres
Out of the Box,QLD,-27.4698,153.0251,Multiple Genres
Out of the Ground Festival,VIC,-37.8136,144.9631,Multiple Genres
Owen Sutherland Folk Festival,NSW,-33.8688,151.2093,Folk
Paddy’s Day,NSW,-33.8688,151.2093,Multiple Genres
Palm Creek Folk Festival,QLD,-19.2589,146.8169,Folk
Parkes Elvis Festival,NSW,-33.137,148.175,Rock
Peach Festival,SA,-34.9285,138.6007,Multiple Genres
Peel Food Festival,WA,-31.9505,115.8605,Multiple Genres
Perry Park Music Festival,QLD,-27.4698,153.0251,Multiple Genres
Phillip Island Festival of Music,VIC,-38.4833,145.2333,Multiple Genres
Picnic in the Park Music Festival,QLD,-27.4698,153.0251,Multiple Genres
Pirates in the Park,NSW,-33.8688,151.2093,Multiple Genres
Pirates in the Park,WA,-31.9505,115.8605,Multiple Genres
Pioneer Park Country Music Festival,QLD,-27.4698,153.0251,Multiple Genres
Pioneer Park Country Music Festival,NSW,-33.8688,151.2093,Country
Pittwater Music Festival,NSW,-33.6333,151.3333,Multiple Genres
Port Fairy Folk Festival,VIC,-38.3833,142.2333,Folk
Port Neill Music Festival,SA,-34.1333,136.35,Multiple Genres
Portland Summer Festival,NSW,-33.3667,149.9833,Multiple Genres
Powderfinger’s Rockin’ Music Festival,WA,-31.9505,115.8605,Rock
Pride in the Park,VIC,-37.8136,144.9631,Multiple Genres
Pride in the Park,SA,-34.9285,138.6007,Multiple Genres
Pride in the Park,WA,-31.9505,115.8605,Multiple Genres
Pumpkin Festival,VIC,-37.8136,144.9631,Multiple Genres
Rainbow Serpent Festival,VIC,-37.8136,144.9631,Electronic
Ramsay St Music Festival,NSW,-33.8688,151.2093,Multiple Genres
Ramsay St Music Festival,QLD,-27.4698,153.0251,Multiple Genres
Redrock Festival,VIC,-37.8136,144.9631,Multiple Genres
Jazz Rhythm and Life,NSW,-33.8688,151.2093,Jazz
Relentless Music Festival,QLD,-27.4698,153.0251,Multiple Genres
Rhythm and Vines,NSW,-33.8688,151.2093,Multiple Genres
Ridge Festival,VIC,-37.8136,144.9631,Multiple Genres
Ridgey Didge Festival,SA,-34.9285,138.6007,Multiple Genres
Rock Fest,NSW,-33.8688,151.2093,Rock
Rock n’ Roll Festival,NSW,-33.8688,151.2093,Rock
Rockin’ the Region,SA,-34.9285,138.6007,Multiple Genres
Rocky River Music Festival,QLD,-27.4698,153.0251,Multiple Genres
Rocky River Music Festival,WA,-31.9505,115.8605,Multiple Genres
Rooftop Music Festival,VIC,-37.8136,144.9631,Multiple Genres
Roots and Shoots Music Festival,NSW,-33.8688,151.2093,Multiple Genres
Roots Music Festival,VIC,-37.8136,144.9631,Multiple Genres
Rooty Hill Music Festival,NSW,-33.7667,150.8333,Multiple Genres
Runaway Bay Festival,QLD,-27.9333,153.4,Multiple Genres
Sanctuary Music Festival,WA,-31.9505,115.8605,Multiple Genres
Sausage Fest,QLD,-27.4698,153.0251,Multiple Genres
Sea & Sound Festival,TAS,-41.4545,145.9707,Multiple Genres
Sea Festival,SA,-34.9285,138.6007,Multiple Genres
Second Hand Festival,VIC,-37.8136,144.9631,Multiple Genres
See No Evil Music Festival,VIC,-37.8136,144.9631,Multiple Genres
Sense of Africa,WA,-31.9505,115.8605,Multiple Genres
Shake off the Folk Festival,NSW,-33.8688,151.2093,Folk
Shambala Festival,VIC,-37.8136,144.9631,Multiple Genres
Shambala Festival,NSW,-33.8688,151.2093,Multiple Genres
Shark Island Festival,NSW,-33.8688,151.2093,Multiple Genres
Shout For The Black & White,WA,-31.9505,115.8605,Multiple Genres
Sillyfest,QLD,-27.4698,153.0251,Multiple Genres
Sillyfest,WA,-31.9505,115.8605,Multiple Genres
Skulls & Bones,QLD,-27.4698,153.0251,Multiple Genres
Slay the Beast Festival,NSW,-33.8688,151.2093,Multiple Genres
Small Halls Festival,NSW,-33.8688,151.2093,Multiple Genres
Smooth Music Festival,QLD,-27.4698,153.0251,Multiple Genres
Soleil Festival,NSW,-33.8688,151.2093,Multiple Genres
Soul & Function Festival,SA,-34.9285,138.6007,Multiple Genres
Soulfest,NSW,-33.8688,151.2093,Multiple Genres
Soundwave Festival,VIC,-37.8136,144.9631,Multiple Genres
Spoonful of Music Festival,SA,-34.9285,138.6007,Multiple Genres
St Albans Folk Festival,VIC,-37.8136,144.9631,Folk
St Josephs Festival,WA,-31.9505,115.8605,Multiple Genres
St Kilda Festival,VIC,-37.8676,144.9803,Multiple Genres
Stage 2021,WA,-31.9505,115.8605,Multiple Genres
Stage 2022,WA,-31.9505,115.8605,Multiple Genres
Stage 2023,WA,-31.9505,115.8605,Multiple Genres
Stage 2024,WA,-31.9505,115.8605,Multiple Genres
Strawberry Fields,NSW,-35.3546,149.232,Multiple Genres
Summer Folk Festival,SA,-34.9285,138.6007,Folk
Summer Salt Festival,NSW,-33.8688,151.2093,Multiple Genres
Sunshine Coast Country Music Festival,QLD,-26.65,153.0667,Country
Sunshine Coast International Women’s Day Festival,QLD,-26.65,153.0667,Multiple Genres
Sunshine Festival,QLD,-26.65,153.0667,Multiple Genres
Sunshine Coast Festival of Motion,QLD,-26.65,153.0667,Multiple Genres
Sunshine Coast Festival of Music,QLD,-26.65,153.0667,Multiple Genres
Sydney International Women’s Day Festival,NSW,-33.8688,151.2093,Multiple Genres
Sydney International Women’s Day Festival,SA,-34.9285,138.6007,Multiple Genres
Tassie Food & Wine Festival,TAS,-41.4545,145.9707,Multiple Genres
Taste of Tasmania,TAS,-42.8821,147.3272,Multiple Genres
Tastings on the Green,NSW,-33.8688,151.2093,Multiple Genres
Taste of the Coast Festival,NSW,-33.8688,151.2093,Multiple Genres
Taste of the Islands,NSW,-33.8688,151.2093,Multiple Genres
Taste of the South Festival,NSW,-33.8688,151.2093,Multiple Genres
Tees & Tunes,NSW,-33.8688,151.2093,Multiple Genres
Telstra Road To Discovery,NSW,-33.8688,151.2093,Multiple Genres
The Australian Surf Festival,NSW,-33.8688,151.2093,Multiple Genres
The Australian Surf Festival,QLD,-27.4698,153.0251,Multiple Genres
The Australian Surf Festival,WA,-31.9505,115.8605,Multiple Genres
The Big Wave Festival,NSW,-33.8688,151.2093,Multiple Genres
The Big Wave Festival,QLD,-27.4698,153.0251,Multiple Genres
The Folkfest,NSW,-28.6434,153.612,Folk
The Festival of Voices,TAS,-42.8821,147.3272,Multiple Genres
The Last Stand Music Festival,SA,-34.9285,138.6007,Multiple Genres
The Mersey Festival,SA,-34.9285,138.6007,Multiple Genres
The New Black & White,WA,-31.9505,115.8605,Multiple Genres
The Seaside Festival,NSW,-33.8688,151.2093,Multiple Genres
The Village Festival,QLD,-27.4698,153.0251,Multiple Genres
The Village Festival,VIC,-37.8136,144.9631,Multiple Genres
The Village Festival,WA,-31.9505,115.8605,Multiple Genres
This Is The End Festival,QLD,-27.4698,153.0251,Multiple Genres
Three Day Party,NSW,-33.8688,151.2093,Multiple Genres
Thredbo Jazz Festival,NSW,-36.5,148.3,Jazz
Tidal Wave Festival,NSW,-33.8688,151.2093,Multiple Genres
Tidal Wave Festival,QLD,-27.4698,153.0251,Multiple Genres
Tiwi Islands Festival,NT,-11.5,130.8333,Multiple Genres
Toowoomba Carnival of Flowers,QLD,-27.5606,151.9537,Multiple Genres
Toowoomba Carnival of Flowers,NSW,-33.8688,151.2093,Multiple Genres
Toowoomba Carnival of Flowers,WA,-31.9505,115.8605,Multiple Genres
Toowoomba Festival of Music,QLD,-27.5606,151.9537,Multiple Genres
Towra Point Music Festival,NSW,-33.998,151.2,Multiple Genres
Tropical Fruits Festival,NSW,-28.595,153.223,Multiple Genres
Tropical Fruits Festival,QLD,-27.4698,153.0251,Multiple Genres
Tropfest,NSW,-33.8688,151.2093,Multiple Genres
Tropfest,SA,-34.9285,138.6007,Multiple Genres
Tropfest,QLD,-27.4698,153.0251,Multiple Genres
Uptown Music Festival,QLD,-27.4698,153.0251,Multiple Genres
Valleyfest,QLD,-27.4698,153.0251,Multiple Genres
Wakakirri,VIC,-37.8136,144.9631,Multiple Genres
Wangaratta Festival of Jazz and Folk,VIC,-36.3583,146.3122,Jazz
Warilla Folk Festival,NSW,-34.55,150.8667,Folk
Warm Water Beach Music Festival,QLD,-27.4698,153.0251,Multiple Genres
Warragul Food and Wine Festival,VIC,-38.1667,145.9333,Multiple Genres
Warragul Folk Festival,VIC,-38.1667,145.9333,Folk
Warrnambool Music Festival,VIC,-38.3833,142.4833,Multiple Genres
Watts & Flavors Festival,QLD,-27.4698,153.0251,Multiple Genres
Wauchope Music Festival,NSW,-31.4667,152.7333,Multiple Genres
We Love 90s Festival,QLD,-27.4698,153.0251,Multiple Genres
Wee Waa Music Festival,NSW,-30.2167,149.45,Multiple Genres
Wee Waa Music Festival,QLD,-27.4698,153.0251,Multiple Genres
Wee Waa Music Festival,SA,-34.9285,138.6007,Multiple Genres
Wee Waa Music Festival,WA,-31.9505,115.8605,Multiple Genres
Weld Festival,NSW,-33.8688,151.2093,Multiple Genres
West Coast Music Festival,WA,-31.9505,115.8605,Multiple Genres
West Coast Music Festival,VIC,-37.8136,144.9631,Multiple Genres
West End Festival,NSW,-33.8688,151.2093,Multiple Genres
Weston Creek Festival,ACT,-35.2809,149.13,Multiple Genres
Wildflower Festival,WA,-31.9505,115.8605,Multiple Genres
Wilderness Festival,VIC,-37.8136,144.9631,Multiple Genres
Winter Folk Festival,VIC,-37.8136,144.9631,Folk
Winter Folk Festival,NSW,-33.8688,151.2093,Multiple Genres
Winterfest,WA,-31.9505,115.8605,Multiple Genres
Wollongong Music Festival,NSW,-34.425,150.893,Multiple Genres
Woodford Folk Festival,QLD,-26.953,152.777,Folk
Woodstock Festival,QLD,-27.4698,153.0251,Multiple Genres
Wormfest,NSW,-33.8688,151.2093,Multiple Genres
Yachtie Rock Festival,QLD,-27.4698,153.0251,Rock
Yarn Festival,NSW,-33.8688,151.2093,Multiple Genres
Yarn Festival,QLD,-27.4698,153.0251,Multiple Genres
Yarn Festival,WA,-31.9505,115.8605,Multiple Genres
Yarn Festival,SA,-34.9285,138.6007,Multiple Genres
Yarn Festival,VIC,-37.8136,144.9631,Multiple Genres
Yass Music Festival,NSW,-34.838,148.912,Multiple Genres
Yass Valley Music Festival,NSW,-34.838,148.912,Multiple Genres
Yellowstone Festival,VIC,-37.8136,144.9631,Multiple Genres
Yothu Yindi Festival,NT,-12.37,136.77,Other
Ziggy’s Music Festival,QLD,-27.4698,153.0251,Multiple Genres